{
	"format_version": "1.12.0",
	"minecraft:geometry": [
		{
			"description": {
				"identifier": "geometry.clothesline4",
				"texture_width": 32,
				"texture_height": 32,
				"visible_bounds_width": 4,
				"visible_bounds_height": 3.5,
				"visible_bounds_offset": [0, 1.25, 0]
			},
			"bones": [
				{
					"name": "Pole1",
					"pivot": [8, 24, 14],
					"cubes": [
						{
							"origin": [20, 0, -2],
							"size": [4, 16, 4],
							"uv": {
								"north": {"uv": [13.00039, 0.00039], "uv_size": [2.99922, 15.99922]},
								"east": {"uv": [13.00039, 0.00039], "uv_size": [2.99922, 15.99922]},
								"south": {"uv": [13.00039, 0.00039], "uv_size": [2.99922, 15.99922]},
								"west": {"uv": [13.00039, 0.00039], "uv_size": [2.99922, 15.99922]},
								"up": {"uv": [15.99961, 15.99961], "uv_size": [-2.99922, -15.99922]},
								"down": {"uv": [15.99961, 15.99961], "uv_size": [-2.99922, -15.99922]}
							}
						},
						{
							"origin": [20, 16, -2],
							"size": [4, 16, 4],
							"uv": {
								"north": {"uv": [13.00039, 0.00039], "uv_size": [2.99922, 14.99922]},
								"east": {"uv": [13.00039, 0.00039], "uv_size": [2.99922, 14.99922]},
								"south": {"uv": [13.00039, 0.00039], "uv_size": [2.99922, 14.99922]},
								"west": {"uv": [13.00039, 0.00039], "uv_size": [2.99922, 14.99922]},
								"up": {"uv": [15.99961, 14.99961], "uv_size": [-2.99922, -14.99922]},
								"down": {"uv": [15.99961, 14.99961], "uv_size": [-2.99922, -14.99922]}
							}
						},
						{
							"origin": [20, 32, -13],
							"size": [4, 3, 13],
							"uv": {
								"north": {"uv": [1.00039, 0.00039], "uv_size": [2.99922, 2.99922]},
								"east": {"uv": [13.00039, 0.00039], "uv_size": [2.99922, 12.99922]},
								"south": {"uv": [1.00039, 0.00039], "uv_size": [2.99922, 12.99922]},
								"west": {"uv": [16.00039, 0.00039], "uv_size": [12.99922, 2.99922]},
								"up": {"uv": [15.99961, 12.99961], "uv_size": [-2.99922, -12.99922]},
								"down": {"uv": [3.99961, 12.99961], "uv_size": [-2.99922, -12.99922]}
							}
						},
						{
							"origin": [20.5, 17.40891, 14.83253],
							"size": [3, 14, 2],
							"pivot": [0, 0, 0],
							"rotation": [45, 0, 0],
							"uv": {
								"north": {"uv": [1.00039, 0.00039], "uv_size": [1.99922, 13.99922]},
								"east": {"uv": [1.00039, 0.00039], "uv_size": [1.99922, 13.99922]},
								"south": {"uv": [1.00039, 0.00039], "uv_size": [1.99922, 13.99922]},
								"west": {"uv": [1.00039, 0.00039], "uv_size": [1.99922, 13.99922]},
								"up": {"uv": [2.99961, 13.99961], "uv_size": [-1.99922, -13.99922]},
								"down": {"uv": [2.99961, 13.99961], "uv_size": [-1.99922, -13.99922]}
							}
						},
						{
							"origin": [20.5, 14.97056, 17.45584],
							"size": [3, 2, 14],
							"pivot": [0, 0, 0],
							"rotation": [45, 0, 0],
							"uv": {
								"north": {"uv": [30.37461, 13.00039], "uv_size": [-13.99922, 1.99922]},
								"east": {"uv": [30.37461, 13.00039], "uv_size": [-13.99922, 1.99922]},
								"south": {"uv": [30.37461, 13.00039], "uv_size": [-13.99922, 1.99922]},
								"west": {"uv": [30.37461, 13.00039], "uv_size": [-13.99922, 1.99922]},
								"up": {"uv": [2.99961, 0.00039], "uv_size": [-1.99922, 13.99922]},
								"down": {"uv": [2.99961, 0.00039], "uv_size": [-1.99922, 13.99922]}
							}
						},
						{
							"origin": [20, 32, 0],
							"size": [4, 3, 13],
							"uv": {
								"north": {"uv": [1.00039, 0.00039], "uv_size": [2.99922, 12.99922]},
								"east": {"uv": [13.00039, 0.00039], "uv_size": [2.99922, 12.99922]},
								"south": {"uv": [1.00039, 0.00039], "uv_size": [2.99922, 2.99922]},
								"west": {"uv": [16.00039, 0.00039], "uv_size": [12.99922, 2.99922]},
								"up": {"uv": [15.99961, 12.99961], "uv_size": [-2.99922, -12.99922]},
								"down": {"uv": [3.99961, 12.99961], "uv_size": [-2.99922, -12.99922]}
							}
						}
					]
				},
				{
					"name": "Pole2",
					"pivot": [8, 24, 14],
					"cubes": [
						{
							"origin": [-24, 0, -2],
							"size": [4, 16, 4],
							"uv": {
								"north": {"uv": [7.99961, 0.00039], "uv_size": [-2.99922, 15.99922]},
								"east": {"uv": [7.99961, 0.00039], "uv_size": [-2.99922, 15.99922]},
								"south": {"uv": [7.99961, 0.00039], "uv_size": [-2.99922, 15.99922]},
								"west": {"uv": [7.99961, 0.00039], "uv_size": [-2.99922, 15.99922]},
								"up": {"uv": [5.00039, 15.99961], "uv_size": [2.99922, -15.99922]},
								"down": {"uv": [5.00039, 15.99961], "uv_size": [2.99922, -15.99922]}
							}
						},
						{
							"origin": [-24, 16, -2],
							"size": [4, 16, 4],
							"uv": {
								"north": {"uv": [7.99961, 0.00039], "uv_size": [-2.99922, 14.99922]},
								"east": {"uv": [7.99961, 0.00039], "uv_size": [-2.99922, 14.99922]},
								"south": {"uv": [7.99961, 0.00039], "uv_size": [-2.99922, 14.99922]},
								"west": {"uv": [7.99961, 0.00039], "uv_size": [-2.99922, 14.99922]},
								"up": {"uv": [5.00039, 14.99961], "uv_size": [2.99922, -14.99922]},
								"down": {"uv": [5.00039, 14.99961], "uv_size": [2.99922, -14.99922]}
							}
						},
						{
							"origin": [-24, 32, -13],
							"size": [4, 3, 13],
							"uv": {
								"north": {"uv": [1.00039, 2.99961], "uv_size": [2.99922, -2.99922]},
								"east": {"uv": [16.00039, 10.99961], "uv_size": [12.99922, -2.99922]},
								"south": {"uv": [1.00039, 12.99961], "uv_size": [2.99922, -12.99922]},
								"west": {"uv": [5.00039, 12.99961], "uv_size": [2.99922, -12.99922]},
								"up": {"uv": [7.99961, 0.00039], "uv_size": [-2.99922, 12.99922]},
								"down": {"uv": [3.99961, 0.00039], "uv_size": [-2.99922, 12.99922]}
							}
						},
						{
							"origin": [-23.5, 17.45581, 14.97057],
							"size": [3, 14, 2],
							"pivot": [0, -0.00002, -0.00004],
							"rotation": [45, 0, 0],
							"uv": {
								"north": {"uv": [1.00039, 13.99961], "uv_size": [1.99922, -13.99922]},
								"east": {"uv": [1.00039, 13.99961], "uv_size": [1.99922, -13.99922]},
								"south": {"uv": [1.00039, 13.99961], "uv_size": [1.99922, -13.99922]},
								"west": {"uv": [1.00039, 13.99961], "uv_size": [1.99922, -13.99922]},
								"up": {"uv": [2.99961, 0.00039], "uv_size": [-1.99922, 13.99922]},
								"down": {"uv": [2.99961, 0.00039], "uv_size": [-1.99922, 13.99922]}
							}
						},
						{
							"origin": [-23.5, 14.97056, 17.45584],
							"size": [3, 2, 14],
							"pivot": [0, 0, 0],
							"rotation": [45, 0, 0],
							"uv": {
								"north": {"uv": [30.37461, 13.00039], "uv_size": [-13.99922, 1.99922]},
								"east": {"uv": [30.37461, 13.00039], "uv_size": [-13.99922, 1.99922]},
								"south": {"uv": [30.37461, 13.00039], "uv_size": [-13.99922, 1.99922]},
								"west": {"uv": [30.37461, 13.00039], "uv_size": [-13.99922, 1.99922]},
								"up": {"uv": [2.62461, 0.00039], "uv_size": [-1.62422, 13.99922]},
								"down": {"uv": [2.99961, 0.00039], "uv_size": [-1.99922, 13.99922]}
							}
						},
						{
							"origin": [-24, 32, 0],
							"size": [4, 3, 13],
							"uv": {
								"north": {"uv": [1.00039, 12.99961], "uv_size": [2.99922, -12.99922]},
								"east": {"uv": [16.00039, 10.99961], "uv_size": [12.99922, -2.99922]},
								"south": {"uv": [1.00039, 12.99961], "uv_size": [2.99922, -2.99922]},
								"west": {"uv": [5.00039, 12.99961], "uv_size": [2.99922, -12.99922]},
								"up": {"uv": [7.99961, 0.00039], "uv_size": [-2.99922, 12.99922]},
								"down": {"uv": [3.99961, 0.00039], "uv_size": [-2.99922, 12.99922]}
							}
						}
					]
				},
				{
					"name": "Strings",
					"pivot": [-8, 8, 8]
				},
				{
					"name": "StringFront",
					"parent": "Strings",
					"pivot": [4, 25.5, 15.5],
					"cubes": [
						{
							"origin": [-20, 33, -9.5],
							"size": [16, 1, 1],
							"uv": {
								"north": {"uv": [0.00039, 19.00039], "uv_size": [11.99922, 0.49922]},
								"east": {"uv": [0.00039, 19.00039], "uv_size": [11.99922, 0.49922]},
								"south": {"uv": [0.00039, 19.00039],