{
	"format_version": "1.12.0",
	"minecraft:geometry": [
		{
			"description": {
				"identifier": "geometry.windowseat_spruce",
				"texture_width": 32,
				"texture_height": 32,
				"visible_bounds_width": 3,
				"visible_bounds_height": 2.5,
				"visible_bounds_offset": [0, 0.75, 0]
			},
			"bones": [
				{
					"name": "Cushion",
					"pivot": [-8, 8, 8],
					"cubes": [
						{
							"origin": [-8, 9, -9],
							"size": [16, 1, 14],
							"uv": {
								"north": {"uv": [16.025, 0.025], "uv_size": [15.95, 0.95]},
								"east": {"uv": [16.025, 0.025], "uv_size": [13.95, 0.95]},
								"south": {"uv": [16.025, 0.025], "uv_size": [15.95, 0.95]},
								"west": {"uv": [16.025, 0.025], "uv_size": [13.95, 0.95]},
								"up": {"uv": [31.975, 13.975], "uv_size": [-15.95, -13.95]},
								"down": {"uv": [31.975, 13.975], "uv_size": [-15.95, -13.95]}
							}
						},
						{
							"origin": [-8.00035, 11.31355, 0.00001],
							"size": [16.00035, 1.41434, 0.99976],
							"pivot": [0, -0.00003, -0.00003],
							"rotation": [45, 0, 0],
							"uv": {
								"north": {"uv": [16.025, 0.025], "uv_size": [15.95, 1.38934]},
								"east": {"uv": [16.025, 0.025], "uv_size": [0.97475, 1.38934]},
								"south": {"uv": [16.025, 0.025], "uv_size": [15.95, 1.38934]},
								"west": {"uv": [16.025, 0.025], "uv_size": [0.97475, 1.38934]},
								"up": {"uv": [31.975, 0.99975], "uv_size": [-15.95, -0.97475]},
								"down": {"uv": [31.975, 0.99975], "uv_size": [-15.95, -0.97475]}
							}
						},
						{
							"origin": [-8.00034, 8.48516, -3.82821],
							"size": [16.00034, 1.41434, 0.99976],
							"pivot": [0, -0.00002, -0.00002],
							"rotation": [-45, 0, 0],
							"uv": {
								"north": {"uv": [16.025, 0.025], "uv_size": [15.95, 1.38934]},
								"east": {"uv": [17.025, 0.025], "uv_size": [0.97451, 1.38934]},
								"south": {"uv": [16.025, 0.025], "uv_size": [15.95, 1.38934]},
								"west": {"uv": [17.025, 0.025], "uv_size": [0.97451, 1.38934]},
								"up": {"uv": [31.975, 1.99951], "uv_size": [-15.95, -0.97451]},
								"down": {"uv": [31.975, 1.99951], "uv_size": [-15.95, -0.97451]}
							}
						},
						{
							"origin": [-8.00035, 0.70701, -13.43502],
							"size": [16.00035, 1.41433, 0.99976],
							"pivot": [0, 0.00002, -0.00002],
							"rotation": [-45, 0, 0],
							"uv": {
								"north": {"uv": [16.025, 0.025], "uv_size": [15.95, 1.38934]},
								"east": {"uv": [16.025, 0.025], "uv_size": [0.97475, 1.38934]},
								"south": {"uv": [16.025, 0.025], "uv_size": [15.95, 1.38934]},
								"west": {"uv": [16.025, 0.025], "uv_size": [0.97475, 1.38934]},
								"up": {"uv": [31.975, 0.99975], "uv_size": [-15.95, -0.97475]},
								"down": {"uv": [31.975, 0.99975], "uv_size": [-15.95, -0.97475]}
							}
						},
						{
							"origin": [-8, 3.53543, 9.60688],
							"size": [16.00034, 1.41433, 0.99975],
							"pivot": [0, -0.00002, 0.00002],
							"rotation": [45, 0, 0],
							"uv": {
								"north": {"uv": [16.025, 0.025], "uv_size": [15.95, 1.38934]},
								"east": {"uv": [17.025, 0.025], "uv_size": [0.97451, 1.38934]},
								"south": {"uv": [16.025, 0.025], "uv_size": [15.95, 1.38934]},
								"west": {"uv": [17.025, 0.025], "uv_size": [0.97451, 1.38934]},
								"up": {"uv": [31.975, 1.99951], "uv_size": [-15.95, -0.97451]},
								"down": {"uv": [31.975, 1.99951], "uv_size": [-15.95, -0.97451]}
							}
						},
						{
							"origin": [-8, 8, -8],
							"size": [16, 3, 12],
							"uv": {
								"north": {"uv": [16.025, 0.025], "uv_size": [15.95, 2.95]},
								"east": {"uv": [16.025, 0.025], "uv_size": [11.95, 2.95]},
								"south": {"uv": [16.025, 0.025], "uv_size": [15.95, 2.95]},
								"west": {"uv": [16.025, 0.025], "uv_size": [11.95, 2.95]},
								"up": {"uv": [31.975, 11.975], "uv_size": [-15.95, -11.95]},
								"down": {"uv": [31.975, 11.975], "uv_size": [-15.95, -11.95]}
							}
						}
					]
				},
				{
					"name": "Cushion2",
					"pivot": [-8, 8, 8],
					"cubes": [
						{
							"origin": [-8, 10.31829, -3.4207],
							"size": [16, 7, 1],
							"pivot": [0, 0, 0],
							"rotation": [-22.5, 0, 0],
							"uv": {
								"north": {"uv": [16.025, 0.025], "uv_size": [15.95, 6.95]},
								"east": {"uv": [16.025, 0.025], "uv_size": [6.95, 0.95]},
								"south": {"uv": [16.025, 0.025], "uv_size": [15.95, 6.95]},
								"west": {"uv": [16.025, 0.025], "uv_size": [6.95, 0.95]},
								"up": {"uv": [31.975, 0.975], "uv_size": [-15.95, -0.95]},
								"down": {"uv": [31.975, 0.975], "uv_size": [-15.95, -0.95]}
							}
						},
						{
							"origin": [-8.00035, 13.66492, 8.41276],
							"size": [16.00035, 0.99976, 1.41433],
							"pivot": [0, -0.00001, 0.00001],
							"rotation": [22.5, 0, 0],
							"uv": {
								"north": {"uv": [16.025, 0.025], "uv_size": [15.95, 0.97475]},
								"east": {"uv": [16.025, 0.025], "uv_size": [0.97475, 1.38934]},
								"south": {"uv": [16.025, 0.025], "uv_size": [15.95, 0.97475]},
								"west": {"uv": [16.025, 0.025], "uv_size": [0.97475, 1.38934]},
								"up": {"uv": [31.975, 1.41434], "uv_size": [-15.95, -1.38934]},
								"down": {"uv": [31.975, 1.41434], "uv_size": [-15.95, -1.38934]}
							}
						},
						{
							"origin": [-8.0032, 9.72075, 4.87598],
							"size": [16.00034, 1.41434, 0.99975],
							"pivot": [0, -0.00004, 0],
							"rotation": [22.5, 0, 0],
							"uv": {
								"north": {"uv": [16.025, 0.025], "uv_size": [15.95, 1.38934]},
								"east": {"uv": [17.025, 0.025], "uv_size": [0.97451, 1.38934]},
								"south": {"uv": [16.025, 0.025], "uv_size": [15.95, 1.38934]},
								"west": {"uv": [17.025, 0.025], "uv_size": [0.97451, 1.38934]},
								"up": {"uv": [31.975, 1.99951], "uv_size": [-15.95, -0.97451]},
								"down": {"uv": [31.975, 1.99951], "uv_size": [-15.95, -0.97451]}
							}
						},
						{
							"origin": [-8.00035, 12.54323, 9.53444],
							"size": [16.00035, 1.41434, 0.99975],
							"pivot": [0, -0.00001, 0],
							"rotation": [22.5, 0, 0],
							"uv": {
								"north": {"uv": [16.025, 0.025], "uv_size": [15.95, 1.38934]},
								"east": {"uv": [16.025, 0.025], "uv_size": [0.97475, 1.38934]},
								"south": {"uv": [16.025, 0.025], "uv_size": [15.95, 1.38934]},
								"west": {"uv": [16.025, 0.025], "uv_size": [0.97475, 1.38934]},
								"up": {"uv": [31.975, 0.99975], "uv_size": [-15.95, -0.97475]},
								"down": {"uv": [31.975, 0.99975], "uv_size": [-15.95, -0.97475]}
							}
						},
						{
							"origin": [-8.0032, 9.01379, 5.58294],
							"size": [16.00034, 0.99976, 1.41433],
							"pivot": [0, 0.00004, 0.00003],
							"rotation": [22.5, 0, 0],
							"uv": {
								"north": {"uv": [16.025, 1.025], "uv_size": [15.95, 0.97451]},
								"east": {"uv": [17.025, 0.025], "uv_size": [0.97451, 1.38934]},
								"south": {"uv": [16.025, 1.025], "uv_size": [15.95, 0.97451]},
								"west": {"uv": [17.025, 0.025], "uv_size": [0.97451, 1.38934]},
								"up": {"uv": [31.975, 1.41434], "uv_size": [-15.95, -1.38934]},
								"down": {"uv": [31.975, 1.41434], "uv_size": [-15.95, -1.38934]}
							}
						},
						{
							"origin": [-8.00286, 11.32152, -4.42587],
							"size": [16, 5, 3],
							"pivot": [0, 0, 0],
							"rotation": [-22.5, 0, 0],
							"uv": {
								"north": {"uv": [16.025, 0.025], "uv_size": [15.95, 4.95]},
								"east": {"uv": [16.025, 0.025], "uv_size": [4.95, 2.95]},
								"south": {"uv": [16.025, 0.025], "uv_size": [15.95, 4.95]},
								"west": {"uv": [16.025, 0.025], "uv_size": [4.95, 2.95]},
								"up": {"uv": [31.975, 2.975], "uv_size": [-15.95, -2.95]},
								"down": {"uv": [31.975, 2.975], "uv_size": [-15.95, -2.95]}
							}
						}
					]
				},
				{
					"name": "Wood",
					"pivot": [-22, 16, 7],
					"cubes": [
						{
							"origin": [-8.0625, 0, -8],
							"size": [16.125, 8.0625, 16.0625],
							"uv": {
								"north": {"uv": [0.025, 0.025], "uv_size": [15.95, 8.0375]},