{
	"format_version": "1.12.0",
	"minecraft:geometry": [
		{
			"description": {
				"identifier": "geometry.shutter_wood",
				"texture_width": 32,
				"texture_height": 16,
				"visible_bounds_width": 2,
				"visible_bounds_height": 3.5,
				"visible_bounds_offset": [0, 1.25, 0]
			},
			"bones": [
				{
					"name": "Slats",
					"pivot": [-10, 23.25, 24.25],
					"cubes": [
						{
							"origin": [-6, 17.85105, -0.61898],
							"size": [12, 2, 0.5],
							"pivot": [0, 0, 0],
							"rotation": [-22.5, 0, 0],
							"uv": {
								"north": {"uv": [18.008, 3.008], "uv_size": [11.984, 1.984]},
								"east": {"uv": [18.008, 3.008], "uv_size": [11.984, 1.984]},
								"south": {"uv": [18.008, 3.008], "uv_size": [11.984, 1.984]},
								"west": {"uv": [18.008, 3.008], "uv_size": [11.984, 1.984]},
								"up": {"uv": [29.992, 4.992], "uv_size": [-11.984, -1.984]},
								"down": {"uv": [29.992, 4.992], "uv_size": [-11.984, -1.984]}
							}
						},
						{
							"origin": [-6, 3.99285, 5.12127],
							"size": [12, 2, 0.5],
							"pivot": [0, 0, 0],
							"rotation": [-22.5, 0, 0],
							"uv": {
								"north": {"uv": [17.008, 4.008], "uv_size": [11.984, 1.984]},
								"east": {"uv": [17.008, 4.008], "uv_size": [11.984, 1.984]},
								"south": {"uv": [17.008, 4.008], "uv_size": [11.984, 1.984]},
								"west": {"uv": [17.008, 4.008], "uv_size": [11.984, 1.984]},
								"up": {"uv": [28.992, 5.992], "uv_size": [-11.984, -1.984]},
								"down": {"uv": [28.992, 5.992], "uv_size": [-11.984, -1.984]}
							}
						},
						{
							"origin": [-6, 5.84061, 4.3559],
							"size": [12, 2, 0.5],
							"pivot": [0, 0, 0],
							"rotation": [-22.5, 0, 0],
							"uv": {
								"north": {"uv": [18.008, 1.008], "uv_size": [11.984, 1.984]},
								"east": {"uv": [18.008, 1.008], "uv_size": [11.984, 1.984]},
								"south": {"uv": [18.008, 1.008], "uv_size": [11.984, 1.984]},
								"west": {"uv": [18.008, 1.008], "uv_size": [11.984, 1.984]},
								"up": {"uv": [29.992, 2.992], "uv_size": [-11.984, -1.984]},
								"down": {"uv": [29.992, 2.992], "uv_size": [-11.984, -1.984]}
							}
						},
						{
							"origin": [-6, 7.68837, 3.59054],
							"size": [12, 2, 0.5],
							"pivot": [0, 0, 0],
							"rotation": [-22.5, 0, 0],
							"uv": {
								"north": {"uv": [17.008, 3.008], "uv_size": [11.984, 1.984]},
								"east": {"uv": [17.008, 3.008], "uv_size": [11.984, 1.984]},
								"south": {"uv": [17.008, 3.008], "uv_size": [11.984, 1.984]},
								"west": {"uv": [17.008, 3.008], "uv_size": [11.984, 1.984]},
								"up": {"uv": [28.992, 4.992], "uv_size": [-11.984, -1.984]},
								"down": {"uv": [28.992, 4.992], "uv_size": [-11.984, -1.984]}
							}
						},
						{
							"origin": [-6, 9.53613, 2.82517],
							"size": [12, 2, 0.5],
							"pivot": [0, 0, 0],
							"rotation": [-22.5, 0, 0],
							"uv": {
								"north": {"uv": [19.008, 4.008], "uv_size": [11.984, 1.984]},
								"east": {"uv": [19.008, 4.008], "uv_size": [11.984, 1.984]},
								"south": {"uv": [19.008, 4.008], "uv_size": [11.984, 1.984]},
								"west": {"uv": [19.008, 4.008], "uv_size": [11.984, 1.984]},
								"up": {"uv": [30.992, 5.992], "uv_size": [-11.984, -1.984]},
								"down": {"uv": [30.992, 5.992], "uv_size": [-11.984, -1.984]}
							}
						},
						{
							"origin": [-6, 11.38389, 2.0598],
							"size": [12, 2, 0.5],
							"pivot": [0, 0, 0],
							"rotation": [-22.5, 0, 0],
							"uv": {
								"north": {"uv": [18.008, 1.008], "uv_size": [11.984, 1.984]},
								"east": {"uv": [18.008, 1.008], "uv_size": [11.984, 1.984]},
								"south": {"uv": [18.008, 1.008], "uv_size": [11.984, 1.984]},
								"west": {"uv": [18.008, 1.008], "uv_size": [11.984, 1.984]},
								"up": {"uv": [29.992, 2.992], "uv_size": [-11.984, -1.984]},
								"down": {"uv": [29.992, 2.992], "uv_size": [-11.984, -1.984]}
							}
						},
						{
							"origin": [-6, 13.23165, 1.29444],
							"size": [12, 2, 0.5],
							"pivot": [0, 0, 0],
							"rotation": [-22.5, 0, 0],
							"uv": {
								"north": {"uv": [18.008, 3.008], "uv_size": [11.984, 1.984]},
								"east": {"uv": [18.008, 3.008], "uv_size": [11.984, 1.984]},
								"south": {"uv": [18.008, 3.008], "uv_size": [11.984, 1.984]},
								"west": {"uv": [18.008, 3.008], "uv_size": [11.984, 1.984]},
								"up": {"uv": [29.992, 4.992], "uv_size": [-11.984, -1.984]},
								"down": {"uv": [29.992, 4.992], "uv_size": [-11.984, -1.984]}
							}
						},
						{
							"origin": [-6, 15.07941, 0.52907],
							"size": [12, 2, 0.5],
							"pivot": [0, 0, 0],
							"rotation": [-22.5, 0, 0],
							"uv": {
								"north": {"uv": [18.008, 4.008], "uv_size": [11.984, 1.984]},
								"east": {"uv": [18.008, 4.008], "uv_size": [11.984, 1.984]},
								"south": {"uv": [18.008, 4.008], "uv_size": [11.984, 1.984]},
								"west": {"uv": [18.008, 4.008], "uv_size": [11.984, 1.984]},
								"up": {"uv": [29.992, 5.992], "uv_size": [-11.984, -1.984]},
								"down": {"uv": [29.992, 5.992], "uv_size": [-11.984, -1.984]}
							}
						},
						{
							"origin": [-6, 28.9376, -5.21118],
							"size": [12, 2, 0.5],
							"pivot": [0, 0, 0],
							"rotation": [-22.5, 0, 0],
							"uv": {
								"north": {"uv": [16.008, 3.008], "uv_size": [11.984, 1.984]},
								"east": {"uv": [16.008, 3.008], "uv_size": [11.984, 1.984]},
								"south": {"uv": [16.008, 3.008], "uv_size": [11.984, 1.984]},
								"west": {"uv": [16.008, 3.008], "uv_size": [11.984, 1.984]},
								"up": {"uv": [27.992, 4.992], "uv_size": [-11.984, -1.984]},
								"down": {"uv": [27.992, 4.992], "uv_size": [-11.984, -1.984]}
							}
						},
						{
							"origin": [-6, 27.08984, -4.44581],
							"size": [12, 2, 0.5],
							"pivot": [0, 0, 0],
							"rotation": [-22.5, 0, 0],
							"uv": {
								"north": {"uv": [27.992, 4.008], "uv_size": [-11.984, 1.984]},
								"east": {"uv": [27.992, 4.008], "uv_size": [-11.984, 1.984]},
								"south": {"uv": [27.992, 4.008], "uv_size": [-11.984, 1.984]},
								"west": {"uv": [27.992, 4.008], "uv_size": [-11.984, 1.984]},
								"up": {"uv": [16.008, 5.992], "uv_size": [11.984, -1.984]},
								"down": {"uv": [16.008, 5.992], "uv_size": [11.984, -1.984]}
							}
						},
						{
							"origin": [-6, 25.24208, -3.68045],
							"size": [12, 2, 0.5],
							"pivot": [0, 0, 0],
							"rotation": [-22.5, 0, 0],
							"uv": {
								"north": {"uv": [17.008, 4.008], "uv_size": [11.984, 1.984]},
								"east": {"uv": [17.008, 4.008], "uv_size": [11.984, 1.984]},
								"south": {"uv": [17.008, 4.008], "uv_size": [11.984, 1.984]},
								"west": {"uv": [17.008, 4.008], "uv_size": [11.984, 1.984]},
								"up": {"uv": [28.992, 5.992], "uv_size": [-11.984, -1.984]},
								"down": {"uv": [28.992, 5.992], "uv_size": [-11.984, -1.984]}
							}
						},
						{
							"origin": [-6, 23.39432, -2.91508],
							"size": [12, 2, 0.5],
							"pivot": [0, 0, 0],
							"rotation": [-22.5, 0, 0],
							"uv": {
								"north": {"uv": [19.008, 1.008], "uv_size": [11.984, 1.984]},
								"east": {"uv": [19.008, 1.008], "uv_size": [11.984, 1.984]},
								"south": {"uv": [19.008, 1.008], "uv_size": [11.984, 1.984]},
								"west": {"uv": [19.008, 1.008], "uv_size": [11.984, 1.984]},
								"up": {"uv": [30.992, 2.992], "uv_size": [-11.984, -1.984]},
								"down": {"uv": [30.992, 2.992], "uv_size": [-11.984, -1.984]}
							}
						},
						{
							"origin": [-6, 21.54656, -2.14971],
							"size": [12, 2, 0.5],
							"pivot": [0, 0, 0],
							"rotation": [-22.5, 0, 0],
							"uv": {
								"north": {"uv": [16.008, 4.008], "uv_size": [11.984, 1.984]},
								"east": {"uv": [16.008, 4.008], "uv_size": [11.984, 1.984]},
								"south": {"uv": [16.008, 4.008], "uv_size": [11.984, 1.984]},
								"west": {"uv": [16.008, 4.008], "uv_size": [11.984, 1.984]},
								"up": {"uv": [27.992, 5.992], "uv_size": [-11.984, -1.984]},