{
	"format_version": "1.12.0",
	"minecraft:geometry": [
		{
			"description": {
				"identifier": "geometry.windowbox",
				"texture_width": 32,
				"texture_height": 32,
				"visible_bounds_width": 2,
				"visible_bounds_height": 2.5,
				"visible_bounds_offset": [0, 0.75, 0]
			},
			"bones": [
				{
					"name": "Basket",
					"pivot": [-8, 8, 8],
					"cubes": [
						{
							"origin": [-6.09512, 10.88548, -8],
							"size": [12.1, 4.1, 1.1],
							"uv": {
								"north": {"uv": [16.025, 0.025], "uv_size": [12.075, 4.075]},
								"east": {"uv": [16.025, 0.025], "uv_size": [1.075, 4.075]},
								"south": {"uv": [16.025, 0.025], "uv_size": [12.075, 4.075]},
								"west": {"uv": [16.025, 0.025], "uv_size": [1.075, 4.075]},
								"up": {"uv": [28.1, 1.1], "uv_size": [-12.075, -1.075]},
								"down": {"uv": [28.1, 1.1], "uv_size": [-12.075, -1.075]}
							}
						},
						{
							"origin": [-7.09512, 13.88548, -2.01824],
							"size": [14.1, 1.1, 1.1],
							"uv": {
								"north": {"uv": [16.025, 0.025], "uv_size": [14.075, 1.075]},
								"east": {"uv": [16.025, 0.025], "uv_size": [1.075, 1.075]},
								"south": {"uv": [16.025, 0.025], "uv_size": [14.075, 1.075]},
								"west": {"uv": [16.025, 0.025], "uv_size": [1.075, 1.075]},
								"up": {"uv": [30.1, 1.1], "uv_size": [-14.075, -1.075]},
								"down": {"uv": [30.1, 1.1], "uv_size": [-14.075, -1.075]}
							}
						},
						{
							"origin": [-5.99486, 8.5598, -7.23801],
							"size": [12, 3.9, 0.8],
							"pivot": [0, 0, 0],
							"rotation": [-22.5, 0, 0],
							"uv": {
								"north": {"uv": [16.025, 24.025], "uv_size": [14.95, 2.875]},
								"east": {"uv": [16.025, 24.025], "uv_size": [14.95, 2.875]},
								"south": {"uv": [16.025, 24.025], "uv_size": [14.95, 2.875]},
								"west": {"uv": [16.025, 24.025], "uv_size": [14.95, 2.875]},
								"up": {"uv": [30.975, 26.9], "uv_size": [-14.95, -2.875]},
								"down": {"uv": [30.975, 26.9], "uv_size": [-14.95, -2.875]}
							}
						},
						{
							"origin": [-7.09496, 8.45521, -7.25359],
							"size": [1.1, 4, 1.1],
							"pivot": [0, 0, 0],
							"rotation": [-22.5, 0, 0],
							"uv": {
								"north": {"uv": [16.025, 0.025], "uv_size": [1.075, 3.95]},
								"east": {"uv": [16.025, 0.025], "uv_size": [1.075, 3.95]},
								"south": {"uv": [16.025, 0.025], "uv_size": [1.075, 3.95]},
								"west": {"uv": [16.025, 0.025], "uv_size": [1.075, 3.95]},
								"up": {"uv": [17.1, 1.1], "uv_size": [-1.075, -1.075]},
								"down": {"uv": [17.1, 1.1], "uv_size": [-1.075, -1.075]}
							}
						},
						{
							"origin": [5.90504, 8.45521, -7.25359],
							"size": [1.1, 4, 1.1],
							"pivot": [0, 0, 0],
							"rotation": [-22.5, 0, 0],
							"uv": {
								"north": {"uv": [16.025, 0.025], "uv_size": [1.075, 3.95]},
								"east": {"uv": [16.025, 0.025], "uv_size": [1.075, 3.95]},
								"south": {"uv": [16.025, 0.025], "uv_size": [1.075, 3.95]},
								"west": {"uv": [16.025, 0.025], "uv_size": [1.075, 3.95]},
								"up": {"uv": [17.1, 1.1], "uv_size": [-1.075, -1.075]},
								"down": {"uv": [17.1, 1.1], "uv_size": [-1.075, -1.075]}
							}
						},
						{
							"origin": [-7.09512, 13.88548, -8],
							"size": [1.1, 1.1, 6.1],
							"uv": {
								"north": {"uv": [16.025, 0.025], "uv_size": [1.075, 1.075]},
								"east": {"uv": [16.025, 0.025], "uv_size": [6.075, 1.075]},
								"south": {"uv": [16.025, 0.025], "uv_size": [1.075, 1.075]},
								"west": {"uv": [16.025, 0.025], "uv_size": [6.075, 1.075]},
								"up": {"uv": [17.1, 6.1], "uv_size": [-1.075, -6.075]},
								"down": {"uv": [17.1, 6.1], "uv_size": [-1.075, -6.075]}
							}
						},
						{
							"origin": [5.90488, 13.88548, -8],
							"size": [1.1, 1.1, 6.1],
							"uv": {
								"north": {"uv": [16.025, 0.025], "uv_size": [1.075, 1.075]},
								"east": {"uv": [16.025, 0.025], "uv_size": [6.075, 1.075]},
								"south": {"uv": [16.025, 0.025], "uv_size": [1.075, 1.075]},
								"west": {"uv": [16.025, 0.025], "uv_size": [6.075, 1.075]},
								"up": {"uv": [17.1, 6.1], "uv_size": [-1.075, -6.075]},
								"down": {"uv": [17.1, 6.1], "uv_size": [-1.075, -6.075]}
							}
						},
						{
							"origin": [-7.09525, 10.19067, -8],
							"size": [1.1, 1.1, 5.6],
							"uv": {
								"north": {"uv": [16.025, 0.025], "uv_size": [1.075, 1.075]},
								"east": {"uv": [16.025, 0.025], "uv_size": [5.575, 1.075]},
								"south": {"uv": [16.025, 0.025], "uv_size": [1.075, 1.075]},
								"west": {"uv": [16.025, 0.025], "uv_size": [5.575, 1.075]},
								"up": {"uv": [17.1, 5.6], "uv_size": [-1.075, -5.575]},
								"down": {"uv": [17.1, 5.6], "uv_size": [-1.075, -5.575]}
							}
						},
						{
							"origin": [5.90475, 10.19067, -8],
							"size": [1.1, 1.1, 5.6],
							"uv": {
								"north": {"uv": [16.025, 0.025], "uv_size": [1.075, 1.075]},
								"east": {"uv": [16.025, 0.025], "uv_size": [5.575, 1.075]},
								"south": {"uv": [16.025, 0.025], "uv_size": [1.075, 1.075]},
								"west": {"uv": [16.025, 0.025], "uv_size": [5.575, 1.075]},
								"up": {"uv": [17.1, 5.6], "uv_size": [-1.075, -5.575]},
								"down": {"uv": [17.1, 5.6], "uv_size": [-1.075, -5.575]}
							}
						},
						{
							"origin": [-5.99698, 10.50272, -8],
							"size": [12, 0.7, 5.3],
							"uv": {
								"north": {"uv": [16.025, 0.025], "uv_size": [12.075, 0.967]},
								"east": {"uv": [16.025, 16.025], "uv_size": [11.95, 5.275]},
								"south": {"uv": [16.025, 16.025], "uv_size": [11.95, 5.275]},
								"west": {"uv": [16.025, 16.025], "uv_size": [11.95, 5.275]},
								"up": {"uv": [27.975, 21.3], "uv_size": [-11.95, -5.275]},
								"down": {"uv": [30.975, 26.975], "uv_size": [-14.95, -2.95]}
							}
						},
						{
							"origin": [5.90495, 11.16497, -8],
							"size": [0.8, 2.8, 5.9],
							"uv": {
								"north": {"uv": [16.025, 24.025], "uv_size": [6.875, 2.774]},
								"east": {"uv": [16.025, 24.025], "uv_size": [6.875, 2.774]},
								"south": {"uv": [16.025, 24.025], "uv_size": [6.875, 2.774]},
								"west": {"uv": [16.025, 24.025], "uv_size": [6.875, 2.774]},
								"up": {"uv": [22.9, 26.799], "uv_size": [-6.875, -2.774]},
								"down": {"uv": [22.9, 26.799], "uv_size": [-6.875, -2.774]}
							}
						},
						{
							"origin": [-6.79525, 11.19067, -8],
							"size": [0.8, 2.8, 5.9],
							"uv": {
								"north": {"uv": [16.008, 0.008], "uv_size": [0.984, 2.984]},
								"east": {"uv": [16.025, 24.025], "uv_size": [6.875, 2.774]},
								"south": {"uv": [16.025, 24.025], "uv_size": [6.875, 2.774]},
								"west": {"uv": [16.025, 24.025], "uv_size": [6.875, 2.774]},
								"up": {"uv": [22.9, 26.799], "uv_size": [-6.875, -2.774]},
								"down": {"uv": [22.9, 26.799], "uv_size": [-6.875, -2.774]}
							}
						},
						{
							"origin": [-6.10002, 8.45854, -7.24448],
							"size": [12.1, 1.1, 1.1],
							"pivot": [0, 0, 0],
							"rotation": [-22.5, 0, 0],
							"uv": {
								"north": {"uv": [16.025, 0.025], "uv_size": [12.075, 1.075]},
								"east": {"uv": [16.025, 0.025], "uv_size": [1.075, 1.075]},
								"south": {"uv": [16.025, 0.025], "uv_size": [12.075, 1.075]},
								"west": {"uv": [16.025, 0.025], "uv_size": [1.075, 1.075]},
								"up": {"uv": [28.1, 1.1], "uv_size": [-12.075, -1.075]},
								"down": {"uv": [28.1, 1.1], "uv_size": [-12.075, -1.075]}
							}
						},
						{
							"origin": [-7.09298, 11.29119, -8],
							"size": [1, 3.1, 1],
							"uv": {
								"north": {"uv": [16.025, 0.025], "uv_size": [0.95, 3.075]},
								"east": {"uv": [16.025, 0.025], "uv_size": [0.95, 3.075]},
								"south": {"uv": [16.025, 0.025], "uv_size": [0.95, 3.075]},
								"west": {"uv": [16.025, 0.025], "uv_size": [0.95, 3.075]},
								"up": {"uv": [16.975, 3.1], "uv_size": [-0.95, -3.075]},
								"down": {"uv": [16.975, 3.1], "uv_size": [-0.95, -3.075]}
							}
						},
						{
							"origin": [6.00476, 11.29575, -8],