{
	"format_version": "1.12.0",
	"minecraft:geometry": [
		{
			"description": {
				"identifier": "geometry.bohopillow_wicker",
				"texture_width": 16,
				"texture_height": 16,
				"visible_bounds_width": 3,
				"visible_bounds_height": 1.5,
				"visible_bounds_offset": [0, 0.25, 0]
			},
			"bones": [
				{
					"name": "octagon",
					"pivot": [-8, 8, 8],
					"cubes": [
						{
							"origin": [-3.11489, 0.78, -7.52],
							"size": [6.22978, 4.53, 15.04],
							"pivot": [0, 1.25, 0],
							"rotation": [0, -22.5, 0],
							"uv": {
								"north": {"uv": [8.025, 0.025], "uv_size": [3.95, 3.95]},
								"east": {"uv": [8.025, 0.025], "uv_size": [3.95, 3.95]},
								"south": {"uv": [8.025, 0.025], "uv_size": [3.95, 3.95]},
								"west": {"uv": [8.025, 0.025], "uv_size": [3.95, 3.95]},
								"up": {"uv": [11.975, 3.975], "uv_size": [-3.95, -3.95]},
								"down": {"uv": [11.975, 3.975], "uv_size": [-3.95, -3.95]}
							}
						},
						{
							"origin": [-3.11489, 0.78, -7.52],
							"size": [6.22978, 4.5, 15.04],
							"pivot": [0, 1.25, 0],
							"rotation": [0, 22.5, 0],
							"uv": {
								"north": {"uv": [8.025, 0.025], "uv_size": [3.95, 3.95]},
								"east": {"uv": [8.025, 0.025], "uv_size": [3.95, 3.95]},
								"south": {"uv": [8.025, 0.025], "uv_size": [3.95, 3.95]},
								"west": {"uv": [8.025, 0.025], "uv_size": [3.95, 3.95]},
								"up": {"uv": [11.975, 3.975], "uv_size": [-3.95, -3.95]},
								"down": {"uv": [11.975, 3.975], "uv_size": [-3.95, -3.95]}
							}
						},
						{
							"origin": [-7.52, 0.78, -3.11489],
							"size": [15.04, 4.51, 6.22978],
							"pivot": [0, 1.25, 0],
							"rotation": [0, -22.5, 0],
							"uv": {
								"north": {"uv": [8.025, 0.025], "uv_size": [3.95, 3.95]},
								"east": {"uv": [8.025, 0.025], "uv_size": [3.95, 3.95]},
								"south": {"uv": [8.025, 0.025], "uv_size": [3.95, 3.95]},
								"west": {"uv": [8.025, 0.025], "uv_size": [3.95, 3.95]},
								"up": {"uv": [11.975, 3.975], "uv_size": [-3.95, -3.95]},
								"down": {"uv": [11.975, 3.975], "uv_size": [-3.95, -3.95]}
							}
						},
						{
							"origin": [-7.52, 0.78, -3.11489],
							"size": [15.04, 4.52, 6.22978],
							"pivot": [0, 1.25, 0],
							"rotation": [0, 22.5, 0],
							"uv": {
								"north": {"uv": [8.025, 0.025], "uv_size": [3.95, 3.95]},
								"east": {"uv": [8.025, 0.025], "uv_size": [3.95, 3.95]},
								"south": {"uv": [8.025, 0.025], "uv_size": [3.95, 3.95]},
								"west": {"uv": [8.025, 0.025], "uv_size": [3.95, 3.95]},
								"up": {"uv": [11.975, 3.975], "uv_size": [-3.95, -3.95]},
								"down": {"uv": [11.975, 3.975], "uv_size": [-3.95, -3.95]}
							}
						}
					]
				},
				{
					"name": "octagon2",
					"pivot": [-8, 8, 8],
					"cubes": [
						{
							"origin": [-2.8657, 0.03, -6.9184],
							"size": [5.7314, 6.05, 13.8368],
							"pivot": [0, 1.75, 0],
							"rotation": [0, -22.5, 0],
							"uv": {
								"north": {"uv": [0.025, 1.025], "uv_size": [3.95, 3.95]},
								"east": {"uv": [0.025, 1.025], "uv_size": [3.95, 3.95]},
								"south": {"uv": [0.025, 1.025], "uv_size": [3.95, 3.95]},
								"west": {"uv": [0.025, 10.025], "uv_size": [2.95, 5.95]},
								"up": {"uv": [2.975, 15.975], "uv_size": [-2.95, -5.95]},
								"down": {"uv": [2.975, 15.975], "uv_size": [-2.95, -5.95]}
							}
						},
						{
							"origin": [-2.8657, 0.03, -6.9184],
							"size": [5.7314, 5.8, 13.8368],
							"pivot": [0, 1.75, 0],
							"rotation": [0, 22.5, 0],
							"uv": {
								"north": {"uv": [0.025, 1.025], "uv_size": [3.95, 3.95]},
								"east": {"uv": [0.025, 1.025], "uv_size": [3.95, 3.95]},
								"south": {"uv": [0.025, 1.025], "uv_size": [3.95, 3.95]},
								"west": {"uv": [0.025, 10.025], "uv_size": [2.95, 5.95]},
								"up": {"uv": [2.975, 15.975], "uv_size": [-2.95, -5.95]},
								"down": {"uv": [2.975, 15.975], "uv_size": [-2.95, -5.95]}
							}
						},
						{
							"origin": [-6.9184, 0.03, -2.8657],
							"size": [13.8368, 5.9, 5.7314],
							"pivot": [0, 1.75, 0],
							"rotation": [0, -22.5, 0],
							"uv": {
								"north": {"uv": [8.025, 0.025], "uv_size": [6.45, 2.95]},
								"east": {"uv": [0.025, 1.025], "uv_size": [3.95, 3.95]},
								"south": {"uv": [0.025, 0.025], "uv_size": [3.95, 3.95]},
								"west": {"uv": [0.025, 1.025], "uv_size": [3.95, 3.95]},
								"up": {"uv": [14.475, 2.975], "uv_size": [-6.45, -2.95]},
								"down": {"uv": [14.475, 2.975], "uv_size": [-6.45, -2.95]}
							}
						},
						{
							"origin": [-6.9184, 0.03, -2.8657],
							"size": [13.8368, 6, 5.7314],
							"pivot": [0, 1.75, 0],
							"rotation": [0, 22.5, 0],
							"uv": {
								"north": {"uv": [8.025, 0.025], "uv_size": [6.45, 2.95]},
								"east": {"uv": [0.025, 1.025], "uv_size": [3.95, 3.95]},
								"south": {"uv": [0.025, 0.025], "uv_size": [3.95, 3.95]},
								"west": {"uv": [0.025, 1.025], "uv_size": [3.95, 3.95]},
								"up": {"uv": [14.475, 2.975], "uv_size": [-6.45, -2.95]},
								"down": {"uv": [14.475, 2.975], "uv_size": [-6.45, -2.95]}
							}
						}
					]
				}
			]
		}
	]
}