{
	"format_version": "1.12.0",
	"minecraft:geometry": [
		{
			"description": {
				"identifier": "geometry.faerielights",
				"texture_width": 16,
				"texture_height": 16,
				"visible_bounds_width": 4,
				"visible_bounds_height": 2.5,
				"visible_bounds_offset": [0, 0.75, 0]
			},
			"bones": [
				{
					"name": "Light",
					"pivot": [-8, 8, 8],
					"cubes": [
						{
							"origin": [1, 10.6, 6.75],
							"size": [2, 2, 0],
							"uv": {
								"north": {"uv": [0.05289, 5.87107], "uv_size": [4.90111, 5.62893]},
								"east": {"uv": [0.05289, 5.87107], "uv_size": [4.90111, 5.62893]},
								"south": {"uv": [0.05289, 5.87107], "uv_size": [4.90111, 5.62893]},
								"west": {"uv": [0.05289, 5.87107], "uv_size": [4.90111, 5.62893]},
								"up": {"uv": [4.954, 11.5], "uv_size": [-4.90111, -5.62893]},
								"down": {"uv": [4.954, 11.5], "uv_size": [-4.90111, -5.62893]}
							}
						},
						{
							"origin": [2, 10.6, 5.75],
							"size": [0, 2, 2],
							"uv": {
								"north": {"uv": [0.05289, 5.87107], "uv_size": [4.90111, 5.62893]},
								"east": {"uv": [0.05289, 5.87107], "uv_size": [4.90111, 5.62893]},
								"south": {"uv": [0.05289, 5.87107], "uv_size": [4.90111, 5.62893]},
								"west": {"uv": [0.05289, 5.87107], "uv_size": [4.90111, 5.62893]},
								"up": {"uv": [4.954, 11.5], "uv_size": [-4.90111, -5.62893]},
								"down": {"uv": [4.954, 11.5], "uv_size": [-4.90111, -5.62893]}
							}
						}
					]
				},
				{
					"name": "Light2",
					"pivot": [-8, 8, 8],
					"cubes": [
						{
							"origin": [-6, 12, 6.75],
							"size": [2, 2, 0],
							"uv": {
								"north": {"uv": [0.05289, 5.87107], "uv_size": [4.90111, 5.62893]},
								"east": {"uv": [0.05289, 5.87107], "uv_size": [4.90111, 5.62893]},
								"south": {"uv": [0.05289, 5.87107], "uv_size": [4.90111, 5.62893]},
								"west": {"uv": [0.05289, 5.87107], "uv_size": [4.90111, 5.62893]},
								"up": {"uv": [4.954, 11.5], "uv_size": [-4.90111, -5.62893]},
								"down": {"uv": [4.954, 11.5], "uv_size": [-4.90111, -5.62893]}
							}
						},
						{
							"origin": [-5, 12, 5.75],
							"size": [0, 2, 2],
							"uv": {
								"north": {"uv": [0.05289, 5.87107], "uv_size": [4.90111, 5.62893]},
								"east": {"uv": [0.05289, 5.87107], "uv_size": [4.90111, 5.62893]},
								"south": {"uv": [0.05289, 5.87107], "uv_size": [4.90111, 5.62893]},
								"west": {"uv": [0.05289, 5.87107], "uv_size": [4.90111, 5.62893]},
								"up": {"uv": [4.954, 11.5], "uv_size": [-4.90111, -5.62893]},
								"down": {"uv": [4.954, 11.5], "uv_size": [-4.90111, -5.62893]}
							}
						}
					]
				},
				{
					"name": "Light3",
					"pivot": [-8, 8, 8],
					"cubes": [
						{
							"origin": [-1.78, 9.34, 5.45],
							"size": [0, 3.36, 3.36],
							"uv": {
								"north": {"uv": [10.182, 7.273], "uv_size": [4.953, 4.954]},
								"east": {"uv": [10.182, 7.273], "uv_size": [4.953, 4.954]},
								"south": {"uv": [10.182, 7.273], "uv_size": [4.953, 4.954]},
								"west": {"uv": [10.182, 7.273], "uv_size": [4.953, 4.954]},
								"up": {"uv": [15.135, 12.227], "uv_size": [-4.953, -4.954]},
								"down": {"uv": [15.135, 12.227], "uv_size": [-4.953, -4.954]}
							}
						},
						{
							"origin": [-3.46, 9.34, 7.13],
							"size": [3.36, 3.36, 0],
							"uv": {
								"north": {"uv": [10.182, 7.273], "uv_size": [4.953, 4.954]},
								"east": {"uv": [10.182, 7.273], "uv_size": [4.953, 4.954]},
								"south": {"uv": [10.182, 7.273], "uv_size": [4.953, 4.954]},
								"west": {"uv": [10.182, 7.273], "uv_size": [4.953, 4.954]},
								"up": {"uv": [15.135, 12.227], "uv_size": [-4.953, -4.954]},
								"down": {"uv": [15.135, 12.227], "uv_size": [-4.953, -4.954]}
							}
						}
					]
				},
				{
					"name": "Light4",
					"pivot": [-8, 8, 8],
					"cubes": [
						{
							"origin": [5.22, 10.84, 5.65],
							"size": [0, 3.36, 3.36],
							"uv": {
								"north": {"uv": [10.182, 7.273], "uv_size": [4.953, 4.954]},
								"east": {"uv": [10.182, 7.273], "uv_size": [4.953, 4.954]},
								"south": {"uv": [10.182, 7.273], "uv_size": [4.953, 4.954]},
								"west": {"uv": [10.182, 7.273], "uv_size": [4.953, 4.954]},
								"up": {"uv": [15.135, 12.227], "uv_size": [-4.953, -4.954]},
								"down": {"uv": [15.135, 12.227], "uv_size": [-4.953, -4.954]}
							}
						},
						{
							"origin": [3.54, 10.84, 7.33],
							"size": [3.36, 3.36, 0],
							"uv": {
								"north": {"uv": [10.182, 7.273], "uv_size": [4.953, 4.954]},
								"east": {"uv": [10.182, 7.273], "uv_size": [4.953, 4.954]},
								"south": {"uv": [10.182, 7.273], "uv_size": [4.953, 4.954]},
								"west": {"uv": [10.182, 7.273], "uv_size": [4.953, 4.954]},
								"up": {"uv": [15.135, 12.227], "uv_size": [-4.953, -4.954]},
								"down": {"uv": [15.135, 12.227], "uv_size": [-4.953, -4.954]}
							}
						}
					]
				},
				{
					"name": "bone",
					"pivot": [0, 0, 0],
					"cubes": [
						{
							"origin": [7.66998, 10.67762, 7.45],
							"size": [4, 0.3, 0.3],
							"pivot": [0.00002, 0.00003, 0],
							"rotation": [0, 0, -22.5],
							"uv": {
								"north": {"uv": [0.05289, 1.50744], "uv_size": [5.53711, 3.94656]},
								"east": {"uv": [0.05289, 1.50744], "uv_size": [5.53711, 3.94656]},
								"south": {"uv": [0.05289, 1.50744], "uv_size": [5.53711, 3.94656]},
								"west": {"uv": [0.05289, 1.50744], "uv_size": [5.53711, 3.94656]},
								"up": {"uv": [5.59, 5.454], "uv_size": [-5.53711, -3.94656]},
								"down": {"uv": [5.59, 5.454], "uv_size": [-5.53711, -3.94656]}
							}
						},
						{
							"origin": [14.86781, 5.39888, 7.45],
							"size": [2.1, 0.3, 0.3],
							"pivot": [-0.00004, -0.00002, 0],
							"rotation": [0, 0, -45],
							"uv": {
								"north": {"uv": [0.05289, 1.50744], "uv_size": [4.08211, 3.94656]},
								"east": {"uv": [0.05289, 1.50744], "uv_size": [4.08211, 3.94656]},
								"south": {"uv": [0.05289, 1.50744], "uv_size": [4.08211, 3.94656]},
								"west": {"uv": [0.05289, 1.50744], "uv_size": [4.08211, 3.94656]},
								"up": {"uv": [4.135, 5.454], "uv_size": [-4.08211, -3.94656]},
								"down": {"uv": [4.135, 5.454], "uv_size": [-4.08211, -3.94656]}
							}
						},
						{
							"origin": [-3, 12.8, 7.45],
							"size": [6, 0.3, 0.3],
							"uv": {
								"north": {"uv": [0.05289, 1.50744], "uv_size": [1.90011, 3.94656]},
								"east": {"uv": [0.05289, 1.50744], "uv_size": [1.90011, 3.94656]},
								"south": {"uv": [0.05289, 1.50744], "uv_size": [1.90011, 3.94656]},
								"west": {"uv": [0.05289, 1.50744], "uv_size": [1.90011, 3.94656]},
								"up": {"uv": [1.953, 5.454], "uv_size": [-1.90011, -3.94656]},
								"down": {"uv": [1.953, 5.454], "uv_size": [-1.90011, -3.94656]}
							}
						},
						{
							"origin": [-16.9678, 5.39895, 7.45],
							"size": [2.1, 0.3, 0.3],
							"pivot": [-0.00004, 0.00002, 0],
							"rotation": [0, 0, 45],
							"uv": {
								"north": {"uv": [0.05289, 1.50744], "uv_size": [3.35511, 3.94656]},
								"east": {"uv": [0.05289, 1.50744], "uv_size": [3.35511, 3.94656]},
								"south": {"uv": [0.05289, 1.50744], "uv_size": [3.35511, 3.94656]},
								"west": {"uv": [0.05289, 1.50744], "uv_size": [3.35511, 3.94656]},
								"up": {"uv": [3.408, 5.454], "uv_size": [-3.35511, -3.94656]},
								"down": {"uv": [3.408, 5.454], "uv_size": [-3.35511, -3.94656]}
							}
						},
						{
							"origin": [-11.67, 10.6776, 7.45],
							"size": [4, 0.3, 0.3],
							"pivot": [0.00002, -0.00003, 0],
							"rotation": [0, 0, 22.5],
							"uv": {
								"north": {"uv": [0.05289, 1.50744], "uv_size": [4.80911, 3.94656]},
								"east": {"uv": [0.05289, 1.50744], "uv_size": [4.80911, 3.94656]},
								"south": {"uv": [0.05289, 1.50744], "uv_size": [4.80911, 3.94656]},
								"west": {"uv": [0.05289, 1.50744], "uv_size": [4.80911, 3.94656]},
								"up": {"uv": [4.862, 5.454], "uv_size": [-4.80911, -3.94656]},