{
	"format_version": "1.12.0",
	"minecraft:geometry": [
		{
			"description": {
				"identifier": "geometry.directorchair",
				"texture_width": 32,
				"texture_height": 32,
				"visible_bounds_width": 2,
				"visible_bounds_height": 2.5,
				"visible_bounds_offset": [0, 0.75, 0]
			},
			"bones": [
				{
					"name": "bone",
					"pivot": [0, 0, 0],
					"cubes": [
						{
							"origin": [4.01437, -4.1156, -4.6875],
							"size": [1, 15.6, 1],
							"pivot": [0, 0, 0],
							"rotation": [0, 0, -45],
							"uv": {
								"north": {"uv": [0.025, 0.025], "uv_size": [0.95, 15.575]},
								"east": {"uv": [0.025, 0.025], "uv_size": [0.95, 15.575]},
								"south": {"uv": [0.025, 0.025], "uv_size": [0.95, 15.575]},
								"west": {"uv": [0.025, 0.025], "uv_size": [0.95, 15.575]},
								"up": {"uv": [0.975, 0.975], "uv_size": [-0.95, -0.95]},
								"down": {"uv": [0.975, 0.975], "uv_size": [-0.95, -0.95]}
							}
						},
						{
							"origin": [4.30633, 4.33647, -4.7875],
							"size": [0.4, 0.4, 2.2],
							"pivot": [-0.0317, 0, 0],
							"rotation": [0, 0, -45],
							"uv": {
								"north": {"uv": [0.025, 16.025], "uv_size": [0.375, 0.375]},
								"east": {"uv": [0.025, 16.025], "uv_size": [2.175, 0.375]},
								"south": {"uv": [0.025, 16.025], "uv_size": [0.375, 0.375]},
								"west": {"uv": [0.025, 16.025], "uv_size": [2.175, 0.375]},
								"up": {"uv": [0.4, 18.2], "uv_size": [-0.375, -2.175]},
								"down": {"uv": [0.4, 18.2], "uv_size": [-0.375, -2.175]}
							}
						},
						{
							"origin": [4.32034, 4.3703, 3.1125],
							"size": [0.4, 0.4, 2.2],
							"pivot": [0, 0, 0],
							"rotation": [0, 0, -45],
							"uv": {
								"north": {"uv": [0.025, 16.025], "uv_size": [0.375, 0.375]},
								"east": {"uv": [0.025, 16.025], "uv_size": [2.175, 0.375]},
								"south": {"uv": [0.025, 16.025], "uv_size": [0.375, 0.375]},
								"west": {"uv": [0.025, 16.025], "uv_size": [2.175, 0.375]},
								"up": {"uv": [0.4, 18.2], "uv_size": [-0.375, -2.175]},
								"down": {"uv": [0.4, 18.2], "uv_size": [-0.375, -2.175]}
							}
						},
						{
							"origin": [-5.0052, -4.10572, 3.2125],
							"size": [1, 15.6, 1],
							"pivot": [0.00002, 0, 0],
							"rotation": [0, 0, 45],
							"uv": {
								"north": {"uv": [1.025, 0.025], "uv_size": [0.95, 15.575]},
								"east": {"uv": [1.025, 0.025], "uv_size": [0.95, 15.575]},
								"south": {"uv": [1.025, 0.025], "uv_size": [0.95, 15.575]},
								"west": {"uv": [1.025, 0.025], "uv_size": [0.95, 15.575]},
								"up": {"uv": [1.975, 0.975], "uv_size": [-0.95, -0.95]},
								"down": {"uv": [1.975, 0.975], "uv_size": [-0.95, -0.95]}
							}
						},
						{
							"origin": [-5.00523, -4.1057, -3.6875],
							"size": [1, 15.6, 1],
							"pivot": [-0.00003, -0.00003, 0],
							"rotation": [0, 0, 45],
							"uv": {
								"north": {"uv": [1.025, 0.025], "uv_size": [0.95, 15.575]},
								"east": {"uv": [1.025, 0.025], "uv_size": [0.95, 15.575]},
								"south": {"uv": [1.025, 0.025], "uv_size": [0.95, 15.575]},
								"west": {"uv": [1.025, 0.025], "uv_size": [0.95, 15.575]},
								"up": {"uv": [1.975, 0.975], "uv_size": [-0.95, -0.95]},
								"down": {"uv": [1.975, 0.975], "uv_size": [-0.95, -0.95]}
							}
						},
						{
							"origin": [4.01562, -4.11614, 4.2125],
							"size": [1, 15.6, 1],
							"pivot": [-0.00003, -0.00003, 0],
							"rotation": [0, 0, -45],
							"uv": {
								"north": {"uv": [2.025, 0.025], "uv_size": [0.95, 15.575]},
								"east": {"uv": [2.025, 0.025], "uv_size": [0.95, 15.575]},
								"south": {"uv": [2.025, 0.025], "uv_size": [0.95, 15.575]},
								"west": {"uv": [2.025, 0.025], "uv_size": [0.95, 15.575]},
								"up": {"uv": [2.975, 0.975], "uv_size": [-0.95, -0.95]},
								"down": {"uv": [2.975, 0.975], "uv_size": [-0.95, -0.95]}
							}
						},
						{
							"origin": [4.87132, 10.94975, -5.1875],
							"size": [1, 1, 10.5],
							"uv": {
								"north": {"uv": [0.025, 0.025], "uv_size": [0.95, 0.95]},
								"east": {"uv": [0.025, 0.025], "uv_size": [0.95, 15.575]},
								"south": {"uv": [0.025, 0.025], "uv_size": [0.95, 0.95]},
								"west": {"uv": [0.025, 0.025], "uv_size": [0.95, 15.575]},
								"up": {"uv": [0.975, 15.6], "uv_size": [-0.95, -15.575]},
								"down": {"uv": [0.975, 15.6], "uv_size": [-0.95, -15.575]}
							}
						},
						{
							"origin": [4.87132, 14.94975, -4.9375],
							"size": [1, 0.75, 10.25],
							"uv": {
								"north": {"uv": [1.025, 0.025], "uv_size": [0.95, 0.725]},
								"east": {"uv": [1.025, 0.025], "uv_size": [10.225, 0.725]},
								"south": {"uv": [1.025, 0.025], "uv_size": [0.95, 0.725]},
								"west": {"uv": [1.025, 0.025], "uv_size": [10.225, 0.725]},
								"up": {"uv": [1.975, 10.25], "uv_size": [-0.95, -10.225]},
								"down": {"uv": [1.975, 10.25], "uv_size": [-0.95, -10.225]}
							}
						},
						{
							"origin": [4.87132, 11.94975, 4.3125],
							"size": [1, 8, 1],
							"uv": {
								"north": {"uv": [1.025, 0.025], "uv_size": [0.95, 7.95]},
								"east": {"uv": [1.025, 0.025], "uv_size": [0.95, 7.95]},
								"south": {"uv": [1.025, 0.025], "uv_size": [0.95, 7.95]},
								"west": {"uv": [1.025, 0.025], "uv_size": [0.95, 7.95]},
								"up": {"uv": [1.975, 0.975], "uv_size": [-0.95, -0.95]},
								"down": {"uv": [1.975, 0.975], "uv_size": [-0.95, -0.95]}
							}
						},
						{
							"origin": [4.97132, 19.94975, 4.4125],
							"size": [0.8, 0.35, 0.8],
							"uv": {
								"north": {"uv": [1.025, 0.025], "uv_size": [0.775, 0.325]},
								"east": {"uv": [1.025, 0.025], "uv_size": [0.775, 0.325]},
								"south": {"uv": [1.025, 0.025], "uv_size": [0.775, 0.325]},
								"west": {"uv": [1.025, 0.025], "uv_size": [0.775, 0.325]},
								"up": {"uv": [1.8, 0.8], "uv_size": [-0.775, -0.775]},
								"down": {"uv": [1.8, 0.8], "uv_size": [-0.775, -0.775]}
							}
						},
						{
							"origin": [4.97132, 11.94975, -4.6875],
							"size": [0.8, 3, 0.75],
							"uv": {
								"north": {"uv": [1.025, 0.025], "uv_size": [0.775, 2.95]},
								"east": {"uv": [1.025, 0.025], "uv_size": [0.725, 2.95]},
								"south": {"uv": [1.025, 0.025], "uv_size": [0.775, 2.95]},
								"west": {"uv": [1.025, 0.025], "uv_size": [0.725, 2.95]},
								"up": {"uv": [1.8, 0.75], "uv_size": [-0.775, -0.725]},
								"down": {"uv": [1.8, 0.75], "uv_size": [-0.775, -0.725]}
							}
						},
						{
							"origin": [-5.87868, 11.94975, 4.3125],
							"size": [1, 8, 1],
							"uv": {
								"north": {"uv": [1.025, 0.025], "uv_size": [0.95, 7.95]},
								"east": {"uv": [1.025, 0.025], "uv_size": [0.95, 7.95]},
								"south": {"uv": [1.025, 0.025], "uv_size": [0.95, 7.95]},
								"west": {"uv": [1.025, 0.025], "uv_size": [0.95, 7.95]},
								"up": {"uv": [1.975, 0.975], "uv_size": [-0.95, -0.95]},
								"down": {"uv": [1.975, 0.975], "uv_size": [-0.95, -0.95]}
							}
						},
						{
							"origin": [-5.77868, 19.94975, 4.4125],
							"size": [0.8, 0.35, 0.8],
							"uv": {
								"north": {"uv": [1.025, 0.025], "uv_size": [0.775, 0.325]},
								"east": {"uv": [1.025, 0.025], "uv_size": [0.775, 0.325]},
								"south": {"uv": [1.025, 0.025], "uv_size": [0.775, 0.325]},
								"west": {"uv": [1.025, 0.025], "uv_size": [0.775, 0.325]},
								"up": {"uv": [1.8, 0.8], "uv_size": [-0.775, -0.775]},
								"down": {"uv": [1.8, 0.8], "uv_size": [-0.775, -0.775]}
							}
						},
						{
							"origin": [-5.77868, 11.94975, -4.6875],
							"size": [0.8, 3, 0.75],
							"uv": {
								"north": {"uv": [1.025, 0.025], "uv_size": [0.775, 2.95]},
								"east": {"uv": [1.025, 0.025], "uv_size": [0.725, 2.95]},
								"south": {"uv": [1.025, 0.025], "uv_size": [0.775, 2.95]},
								"west": {"uv": [1.025, 0.025], "uv_size": [0.725, 2.95]},
								"up": {"uv": [1.8, 0.75], "uv_size": [-0.775, -0.725]},
								"down": {"uv": [1.8, 0.75],