{
	"format_version": "1.12.0",
	"minecraft:geometry": [
		{
			"description": {
				"identifier": "geometry.hammock",
				"texture_width": 128,
				"texture_height": 128,
				"visible_bounds_width": 5,
				"visible_bounds_height": 2.5,
				"visible_bounds_offset": [0, 0.75, 0]
			},
			"bones": [
				{
					"name": "Hammock",
					"pivot": [-20.33381, 10.73094, 8.02577],
					"cubes": [
						{
							"origin": [-8, 10.3, -8.0038],
							"size": [16, 0.5, 16],
							"uv": {
								"north": {"uv": [0.032, 64.032], "uv_size": [63.936, 1.936]},
								"east": {"uv": [0.032, 64.032], "uv_size": [63.936, 63.936]},
								"south": {"uv": [0.032, 64.032], "uv_size": [63.936, 0.936]},
								"west": {"uv": [0.032, 64.032], "uv_size": [63.936, 63.936]},
								"up": {"uv": [63.968, 127.968], "uv_size": [-63.936, -63.936]},
								"down": {"uv": [63.968, 127.968], "uv_size": [-63.936, -63.936]}
							}
						},
						{
							"origin": [11.32834, 6.43295, -7.97803],
							"size": [8, 0.5, 16],
							"pivot": [0, 0, 0],
							"rotation": [0, 0, -22.5],
							"uv": {
								"north": {"uv": [0.032, 64.032], "uv_size": [63.936, 1.936]},
								"east": {"uv": [26.032, 64.032], "uv_size": [37.936, 63.936]},
								"south": {"uv": [0.032, 64.032], "uv_size": [63.936, 0.936]},
								"west": {"uv": [26.032, 64.032], "uv_size": [37.936, 63.936]},
								"up": {"uv": [63.968, 127.968], "uv_size": [-37.936, -63.936]},
								"down": {"uv": [63.968, 127.968], "uv_size": [-37.936, -63.936]}
							}
						},
						{
							"origin": [19.07834, 6.18295, -8.47803],
							"size": [1, 1, 17],
							"pivot": [0, 0, 0],
							"rotation": [0, 0, -22.5],
							"uv": {
								"north": {"uv": [64.032, 0.032], "uv_size": [3.936, 3.936]},
								"east": {"uv": [64.032, 0.032], "uv_size": [63.936, 3.936]},
								"south": {"uv": [64.032, 0.032], "uv_size": [3.936, 3.936]},
								"west": {"uv": [64.032, 0.032], "uv_size": [63.936, 3.936]},
								"up": {"uv": [67.968, 63.968], "uv_size": [-3.936, -63.936]},
								"down": {"uv": [67.968, 63.968], "uv_size": [-3.936, -63.936]}
							}
						},
						{
							"origin": [-20.07834, 6.18295, -8.47803],
							"size": [1, 1, 17],
							"pivot": [0, 0, 0],
							"rotation": [0, 0, 22.5],
							"uv": {
								"north": {"uv": [68.032, 0.032], "uv_size": [3.936, 3.936]},
								"east": {"uv": [64.032, 0.032], "uv_size": [63.936, 3.936]},
								"south": {"uv": [68.032, 0.032], "uv_size": [3.936, 3.936]},
								"west": {"uv": [64.032, 0.032], "uv_size": [63.936, 3.936]},
								"up": {"uv": [71.968, 63.968], "uv_size": [-3.936, -63.936]},
								"down": {"uv": [71.968, 63.968], "uv_size": [-3.936, -63.936]}
							}
						},
						{
							"origin": [-30.60776, -1.17413, -6.96584],
							"size": [10.5, 0, 14],
							"pivot": [0, 0, 0],
							"rotation": [0, 0, 45],
							"uv": {
								"north": {"uv": [64.032, 64.032], "uv_size": [63.936, 63.936]},
								"east": {"uv": [64.032, 64.032], "uv_size": [63.936, 63.936]},
								"south": {"uv": [64.032, 64.032], "uv_size": [63.936, 63.936]},
								"west": {"uv": [64.032, 64.032], "uv_size": [63.936, 63.936]},
								"up": {"uv": [65.032, 126.968], "uv_size": [61.936, -61.936]}
							}
						},
						{
							"origin": [20.10776, -1.17413, -6.96584],
							"size": [10.5, 0, 14],
							"pivot": [0, 0, 0],
							"rotation": [0, 0, -45],
							"uv": {
								"north": {"uv": [64.032, 127.968], "uv_size": [63.936, -63.936]},
								"east": {"uv": [64.032, 127.968], "uv_size": [63.936, -63.936]},
								"south": {"uv": [64.032, 127.968], "uv_size": [63.936, -63.936]},
								"west": {"uv": [64.032, 127.968], "uv_size": [63.936, -63.936]},
								"up": {"uv": [126.968, 126.968], "uv_size": [-61.936, -61.936]}
							}
						},
						{
							"origin": [-19.32834, 6.43295, -7.97803],
							"size": [8, 0.5, 16],
							"pivot": [0, 0, 0],
							"rotation": [0, 0, 22.5],
							"uv": {
								"north": {"uv": [0.032, 64.032], "uv_size": [63.936, 1.936]},
								"east": {"uv": [26.032, 64.032], "uv_size": [37.936, 63.936]},
								"south": {"uv": [0.032, 64.032], "uv_size": [63.936, 0.936]},
								"west": {"uv": [26.032, 64.032], "uv_size": [37.936, 63.936]},
								"up": {"uv": [63.968, 127.968], "uv_size": [-37.936, -63.936]},
								"down": {"uv": [63.968, 127.968], "uv_size": [-37.936, -63.936]}
							}
						}
					]
				},
				{
					"name": "Nail",
					"pivot": [-8, 8, 7.5],
					"cubes": [
						{
							"origin": [-14.77969, 27.61962, -0.31244],
							"size": [0.9568, 0.57408, 0.57408],
							"pivot": [0, 0, 0],
							"rotation": [0, 0, -22.5],
							"uv": {
								"north": {"uv": [0.032, 7.968], "uv_size": [2.368, -3.936]},
								"east": {"uv": [0.032, 4.8], "uv_size": [2.368, -2.4]},
								"south": {"uv": [0.032, 7.968], "uv_size": [2.368, -3.936]},
								"west": {"uv": [0.032, 4.8], "uv_size": [2.368, -2.4]},
								"up": {"uv": [2.4, 4.032], "uv_size": [-2.368, 3.936]},
								"down": {"uv": [2.4, 4.032], "uv_size": [-2.368, 3.936]}
							}
						},
						{
							"origin": [13.82289, 27.61962, -0.31244],
							"size": [0.9568, 0.57408, 0.57408],
							"pivot": [0, 0, 0],
							"rotation": [0, 0, 22.5],
							"uv": {
								"north": {"uv": [0.032, 4.032], "uv_size": [2.368, 3.936]},
								"east": {"uv": [0.032, 2.4], "uv_size": [2.368, 2.4]},
								"south": {"uv": [0.032, 4.032], "uv_size": [2.368, 3.936]},
								"west": {"uv": [0.032, 2.4], "uv_size": [2.368, 2.4]},
								"up": {"uv": [2.4, 7.968], "uv_size": [-2.368, -3.936]},
								"down": {"uv": [2.4, 7.968], "uv_size": [-2.368, -3.936]}
							}
						},
						{
							"origin": [-13.82289, 27.52394, -0.40812],
							"size": [2.1528, 0.76544, 0.76544],
							"pivot": [0, 0, 0],
							"rotation": [0, 0, -22.5],
							"uv": {
								"north": {"uv": [0.032, 17.968], "uv_size": [3.168, -8.936]},
								"east": {"uv": [0.032, 6.4], "uv_size": [3.168, -3.2]},
								"south": {"uv": [0.032, 17.968], "uv_size": [3.168, -8.936]},
								"west": {"uv": [0.032, 6.4], "uv_size": [3.168, -3.2]},
								"up": {"uv": [3.2, 9.032], "uv_size": [-3.168, 8.936]},
								"down": {"uv": [3.2, 9.032], "uv_size": [-3.168, 8.936]}
							}
						},
						{
							"origin": [11.67009, 27.52394, -0.40812],
							"size": [2.1528, 0.76544, 0.76544],
							"pivot": [0, 0, 0],
							"rotation": [0, 0, 22.5],
							"uv": {
								"north": {"uv": [0.032, 9.032], "uv_size": [3.168, 8.936]},
								"east": {"uv": [0.032, 3.2], "uv_size": [3.168, 3.2]},
								"south": {"uv": [0.032, 9.032], "uv_size": [3.168, 8.936]},
								"west": {"uv": [0.032, 3.2], "uv_size": [3.168, 3.2]},
								"up": {"uv": [3.2, 17.968], "uv_size": [-3.168, -8.936]},
								"down": {"uv": [3.2, 17.968], "uv_size": [-3.168, -8.936]}
							}
						},
						{
							"origin": [-12.86609, 27.42826, -0.5038],
							"size": [0.9568, 0.9568, 0.9568],
							"pivot": [0, 0, 0],
							"rotation": [0, 0, -22.5],
							"uv": {
								"north": {"uv": [0.032, 7.968], "uv_size": [3.936, -3.936]},
								"east": {"uv": [0.032, 7.968], "uv_size": [3.936, -3.936]},
								"south": {"uv": [0.032, 7.968], "uv_size": [3.936, -3.936]},
								"west": {"uv": [0.032, 7.968], "uv_size": [3.936, -3.936]},
								"up": {"uv": [3.968, 4.032], "uv_size": [-3.936, 3.936]},
								"down": {"uv": [3.968, 4.032], "uv_size": [-3.936, 3.936]}
							}
						},
						{
							"origin": [11.90929, 27.42826, -0.5038],
							"size": [0.9568, 0.9568, 0.9568],
							"pivot": [0, 0, 0],
							"rotation": [0, 0, 22.5],
							"uv": {
								"north": {"uv": [0.032, 4.032], "uv_size": [3.936, 3.936]},
								"east": {"uv": [0.032, 4.032], "uv_size": [3.936, 3.936]},
								"south": {"uv": [0.032, 4.032], "uv_size": [3.936, 3.936]},
								"west": {"uv": [0.032, 4.032], "uv_size": [3.936, 3.936]},
								"up": {"uv": [3.968, 7.968], "uv_size": [-3.936, -3.936]},
								"down": {"uv": [3.968, 7.968],