{
	"format_version": "1.12.0",
	"minecraft:geometry": [
		{
			"description": {
				"identifier": "geometry.shelf0b_birch",
				"texture_width": 32,
				"texture_height": 16,
				"visible_bounds_width": 3,
				"visible_bounds_height": 2.5,
				"visible_bounds_offset": [0, 0.75, 0]
			},
			"bones": [
				{
					"name": "Brace",
					"pivot": [-8, 8, 8],
					"cubes": [
						{
							"origin": [4.30849, 9.39393, 6.06464],
							"size": [1.89997, 1.10832, 1.89997],
							"uv": {
								"north": {"uv": [21.025, 7.025], "uv_size": [1.875, 1.083]},
								"east": {"uv": [21.025, 7.025], "uv_size": [1.875, 1.083]},
								"south": {"uv": [21.025, 7.025], "uv_size": [1.875, 1.083]},
								"west": {"uv": [21.025, 7.025], "uv_size": [1.875, 1.083]},
								"up": {"uv": [22.9, 8.108], "uv_size": [-1.875, -1.083]},
								"down": {"uv": [22.9, 8.108], "uv_size": [-1.875, -1.083]}
							}
						},
						{
							"origin": [4.46682, 10.34392, 6.3813],
							"size": [1.58331, 3.00829, 1.58331],
							"uv": {
								"north": {"uv": [21.025, 7.025], "uv_size": [1.875, 1.083]},
								"east": {"uv": [21.025, 7.025], "uv_size": [1.875, 1.083]},
								"south": {"uv": [21.025, 7.025], "uv_size": [1.875, 1.083]},
								"west": {"uv": [21.025, 7.025], "uv_size": [1.875, 1.083]},
								"up": {"uv": [22.9, 8.108], "uv_size": [-1.875, -1.083]},
								"down": {"uv": [22.9, 8.108], "uv_size": [-1.875, -1.083]}
							}
						},
						{
							"origin": [4.63405, 4.00495, 13.03347],
							"size": [1.26665, 2.0583, 1.58331],
							"pivot": [0, 0, 0],
							"rotation": [45, 0, 0],
							"uv": {
								"north": {"uv": [17, 12], "uv_size": [2, -2]},
								"east": {"uv": [17, 12], "uv_size": [2, -2]},
								"south": {"uv": [17, 12], "uv_size": [2, -2]},
								"west": {"uv": [17, 12], "uv_size": [2, -2]},
								"up": {"uv": [19, 10], "uv_size": [-2, 2]},
								"down": {"uv": [19, 10], "uv_size": [-2, 2]}
							}
						},
						{
							"origin": [4.46682, 13.35221, 3.07137],
							"size": [1.58331, 1.58331, 4.89324],
							"uv": {
								"north": {"uv": [21.025, 7.025], "uv_size": [1.875, 1.083]},
								"east": {"uv": [21.025, 7.025], "uv_size": [1.875, 1.083]},
								"south": {"uv": [21.025, 7.025], "uv_size": [1.875, 1.083]},
								"west": {"uv": [21.025, 7.025], "uv_size": [1.875, 1.083]},
								"up": {"uv": [22.9, 8.108], "uv_size": [-1.875, -1.083]},
								"down": {"uv": [22.9, 8.108], "uv_size": [-1.875, -1.083]}
							}
						}
					]
				},
				{
					"name": "Brace2",
					"pivot": [-8, 8, 8],
					"cubes": [
						{
							"origin": [-6.18181, 9.36964, 6.09862],
							"size": [1.89998, 1.10831, 1.89997],
							"uv": {
								"north": {"uv": [21.025, 7.025], "uv_size": [1.875, 1.083]},
								"east": {"uv": [21.025, 7.025], "uv_size": [1.875, 1.083]},
								"south": {"uv": [21.025, 7.025], "uv_size": [1.875, 1.083]},
								"west": {"uv": [21.025, 7.025], "uv_size": [1.875, 1.083]},
								"up": {"uv": [22.9, 8.108], "uv_size": [-1.875, -1.083]},
								"down": {"uv": [22.9, 8.108], "uv_size": [-1.875, -1.083]}
							}
						},
						{
							"origin": [-6.02347, 10.31962, 6.41528],
							"size": [1.58331, 3.00829, 1.58331],
							"uv": {
								"north": {"uv": [21.025, 7.025], "uv_size": [1.875, 1.083]},
								"east": {"uv": [21.025, 7.025], "uv_size": [1.875, 1.083]},
								"south": {"uv": [21.025, 7.025], "uv_size": [1.875, 1.083]},
								"west": {"uv": [21.025, 7.025], "uv_size": [1.875, 1.083]},
								"up": {"uv": [22.9, 8.108], "uv_size": [-1.875, -1.083]},
								"down": {"uv": [22.9, 8.108], "uv_size": [-1.875, -1.083]}
							}
						},
						{
							"origin": [-5.86595, 3.94864, 13.02097],
							"size": [1.26665, 2.0583, 1.58331],
							"pivot": [0, 0, 0],
							"rotation": [45, 0, 0],
							"uv": {
								"north": {"uv": [17, 12], "uv_size": [2, -2]},
								"east": {"uv": [17, 12], "uv_size": [2, -2]},
								"south": {"uv": [17, 12], "uv_size": [2, -2]},
								"west": {"uv": [17, 12], "uv_size": [2, -2]},
								"up": {"uv": [19, 10], "uv_size": [-2, 2]},
								"down": {"uv": [19, 10], "uv_size": [-2, 2]}
							}
						},
						{
							"origin": [-6.02347, 13.32791, 3.10535],
							"size": [1.58331, 1.58331, 4.89324],
							"uv": {
								"north": {"uv": [21.025, 7.025], "uv_size": [1.875, 1.083]},
								"east": {"uv": [21.025, 7.025], "uv_size": [1.875, 1.083]},
								"south": {"uv": [21.025, 7.025], "uv_size": [1.875, 1.083]},
								"west": {"uv": [21.025, 7.025], "uv_size": [1.875, 1.083]},
								"up": {"uv": [22.9, 8.108], "uv_size": [-1.875, -1.083]},
								"down": {"uv": [22.9, 8.108], "uv_size": [-1.875, -1.083]}
							}
						}
					]
				},
				{
					"name": "shelf",
					"pivot": [-8, 8, 8],
					"cubes": [
						{
							"origin": [-6.99932, 14.74999, 0.00069],
							"size": [14, 1, 8],
							"uv": {
								"north": {"uv": [16.025, 10.025], "uv_size": [7.95, 1.95]},
								"east": {"uv": [16.025, 10.025], "uv_size": [7.95, 1.95]},
								"south": {"uv": [16.025, 0.025], "uv_size": [13.95, 0.95]},
								"west": {"uv": [16.025, 10.025], "uv_size": [7.95, 1.95]},
								"up": {"uv": [29.975, 7.975], "uv_size": [-13.95, -7.95]},
								"down": {"uv": [29.975, 7.975], "uv_size": [-13.95, -7.95]}
							}
						},
						{
							"origin": [-7.99932, 14.49999, -0.99931],
							"size": [16, 1.5, 1.5],
							"uv": {
								"north": {"uv": [0.025, 0.025], "uv_size": [15.95, 1.45]},
								"east": {"uv": [0.025, 0.025], "uv_size": [1.45, 1.45]},
								"south": {"uv": [0.025, 0.025], "uv_size": [15.95, 1.45]},
								"west": {"uv": [0.025, 0.025], "uv_size": [1.45, 1.45]},
								"up": {"uv": [15.975, 1.475], "uv_size": [-15.95, -1.45]},
								"down": {"uv": [15.975, 1.475], "uv_size": [-15.95, -1.45]}
							}
						},
						{
							"origin": [6.50068, 14.49999, 0.50069],
							"size": [1.5, 1.5, 7.5],
							"uv": {
								"north": {"uv": [0.025, 0.025], "uv_size": [1.45, 1.45]},
								"east": {"uv": [0.025, 0.025], "uv_size": [7.45, 1.45]},
								"south": {"uv": [0.025, 0.025], "uv_size": [1.45, 1.45]},
								"west": {"uv": [0.025, 0.025], "uv_size": [7.45, 1.45]},
								"up": {"uv": [1.475, 7.475], "uv_size": [-1.45, -7.45]},
								"down": {"uv": [1.475, 7.475], "uv_size": [-1.45, -7.45]}
							}
						},
						{
							"origin": [-7.99932, 14.49999, 0.50069],
							"size": [1.5, 1.5, 7.5],
							"uv": {
								"north": {"uv": [0.025, 0.025], "uv_size": [1.45, 1.45]},
								"east": {"uv": [0.025, 0.025], "uv_size": [7.45, 1.45]},
								"south": {"uv": [0.025, 0.025], "uv_size": [1.45, 1.45]},
								"west": {"uv": [0.025, 0.025], "uv_size": [7.45, 1.45]},
								"up": {"uv": [1.475, 7.475], "uv_size": [-1.45, -7.45]},
								"down": {"uv": [1.475, 7.475], "uv_size": [-1.45, -7.45]}
							}
						}
					]
				}
			]
		}
	]
}